Model,Param1,Param2,Param3,LogLik,AIC,BIC
GEV,0.156588775673713,1.48678763324072,15.7430063280069,-43.3920291537095,92.784058307419,95.9176256205893
