R,p,Quantile_Gumbel,Quantile_GEV
10,0.9,NaN,19.7541282211421
20,0.95,NaN,21.3655950264733
50,0.98,NaN,23.740259954202
100,0.99,NaN,25.7611682719047
